feature,mean_abs_shap,category
BG,0.47922808,optical
green_corr7,0.46299443,optical
BR,0.2525381,optical
MNDWI,0.22639047,optical
fai,0.16935623,optical
catchment_area_sqkm,0.15033181,site
NR,0.14046656,optical
pct_forest_2006,0.13384815,site
srad_Wm2_prev30,0.09799663,weather
atm_corr_LaSRC,0.08358277,optical
NDVI,0.08231146,optical
pct_impervious_2006,0.081646785,site
pct_wetland_2006,0.080058984,site
shore_flag,0.07055665,site
temp_corr7,0.06788374,optical
nir_corr7,0.060889706,optical
tmean_degC_prev30,0.05450793,weather
tmax_degC_prev30,0.05405737,weather
NDSSI,0.039235707,optical
srad_Wm2_prev1,0.034745242,weather
NDWI,0.022442572,optical
srad_Wm2_prev7,0.022014815,weather
