feature,category,correlation_pruning,seed601,seed602,seed603,seed604,seed605,seed606,seed607,seed608,seed609,seed610,n_seeds_selected,precedent
atm_corr_LaSRC,sensor/processing flag,survived,1,1,1,1,1,1,1,1,1,1,10,"processing-stream indicator (LaSRC vs. LEDAPS atmospheric correction, coded from mission); not a literature-derived index"
red_corr7,optical band,dropped (absorbed into green_corr7),,,,,,,,,,,,raw Landsat SR band
green_corr7,optical band,survived,1,1,1,1,1,1,1,1,1,1,10,raw Landsat SR band
blue_corr7,optical band,dropped (absorbed into green_corr7),,,,,,,,,,,,raw Landsat SR band
nir_corr7,optical band,survived,1,1,1,1,1,1,1,1,1,1,10,raw Landsat SR band
swir1_corr7,optical band,survived,1,1,1,1,0,1,1,1,1,1,9,raw Landsat SR band
swir2_corr7,optical band,dropped (absorbed into swir1_corr7),,,,,,,,,,,,raw Landsat SR band
temp_corr7,optical band (surface temp),survived,1,1,1,1,1,1,1,1,1,1,10,raw Landsat surface-temperature band
precip_mm_prev1,antecedent weather,survived,1,1,1,0,1,1,0,1,1,0,7,"seasonal/mechanistic justification: temperature as thermal-stratification/phytoplankton-phenology proxy, precipitation as runoff-driven turbidity/nutrient-pulse proxy (general limnology, e.g. Wetzel, Limnology: Lake and River Ecosystems); co-predictor design precedent: Al-Shaibah et al. (2026), Remote Sensing 18(17):2921 (spectral+climate vs. spectral-only model comparison)"
tmax_degC_prev1,antecedent weather,dropped (absorbed into tmean_degC_prev7),,,,,,,,,,,,"seasonal/mechanistic justification: temperature as thermal-stratification/phytoplankton-phenology proxy, precipitation as runoff-driven turbidity/nutrient-pulse proxy (general limnology, e.g. Wetzel, Limnology: Lake and River Ecosystems); co-predictor design precedent: Al-Shaibah et al. (2026), Remote Sensing 18(17):2921 (spectral+climate vs. spectral-only model comparison)"
tmean_degC_prev1,antecedent weather,dropped (absorbed into tmean_degC_prev7),,,,,,,,,,,,"seasonal/mechanistic justification: temperature as thermal-stratification/phytoplankton-phenology proxy, precipitation as runoff-driven turbidity/nutrient-pulse proxy (general limnology, e.g. Wetzel, Limnology: Lake and River Ecosystems); co-predictor design precedent: Al-Shaibah et al. (2026), Remote Sensing 18(17):2921 (spectral+climate vs. spectral-only model comparison)"
tmin_degC_prev1,antecedent weather,dropped (absorbed into tmean_degC_prev7),,,,,,,,,,,,"seasonal/mechanistic justification: temperature as thermal-stratification/phytoplankton-phenology proxy, precipitation as runoff-driven turbidity/nutrient-pulse proxy (general limnology, e.g. Wetzel, Limnology: Lake and River Ecosystems); co-predictor design precedent: Al-Shaibah et al. (2026), Remote Sensing 18(17):2921 (spectral+climate vs. spectral-only model comparison)"
srad_Wm2_prev1,antecedent weather,survived,1,1,1,1,1,1,1,1,1,1,10,"seasonal/mechanistic justification: temperature as thermal-stratification/phytoplankton-phenology proxy, precipitation as runoff-driven turbidity/nutrient-pulse proxy (general limnology, e.g. Wetzel, Limnology: Lake and River Ecosystems); co-predictor design precedent: Al-Shaibah et al. (2026), Remote Sensing 18(17):2921 (spectral+climate vs. spectral-only model comparison)"
precip_mm_prev3,antecedent weather,survived,0,1,1,0,0,1,0,0,1,0,4,"seasonal/mechanistic justification: temperature as thermal-stratification/phytoplankton-phenology proxy, precipitation as runoff-driven turbidity/nutrient-pulse proxy (general limnology, e.g. Wetzel, Limnology: Lake and River Ecosystems); co-predictor design precedent: Al-Shaibah et al. (2026), Remote Sensing 18(17):2921 (spectral+climate vs. spectral-only model comparison)"
tmax_degC_prev3,antecedent weather,dropped (absorbed into tmean_degC_prev7),,,,,,,,,,,,"seasonal/mechanistic justification: temperature as thermal-stratification/phytoplankton-phenology proxy, precipitation as runoff-driven turbidity/nutrient-pulse proxy (general limnology, e.g. Wetzel, Limnology: Lake and River Ecosystems); co-predictor design precedent: Al-Shaibah et al. (2026), Remote Sensing 18(17):2921 (spectral+climate vs. spectral-only model comparison)"
tmean_degC_prev3,antecedent weather,dropped (absorbed into tmean_degC_prev7),,,,,,,,,,,,"seasonal/mechanistic justification: temperature as thermal-stratification/phytoplankton-phenology proxy, precipitation as runoff-driven turbidity/nutrient-pulse proxy (general limnology, e.g. Wetzel, Limnology: Lake and River Ecosystems); co-predictor design precedent: Al-Shaibah et al. (2026), Remote Sensing 18(17):2921 (spectral+climate vs. spectral-only model comparison)"
tmin_degC_prev3,antecedent weather,dropped (absorbed into tmean_degC_prev7),,,,,,,,,,,,"seasonal/mechanistic justification: temperature as thermal-stratification/phytoplankton-phenology proxy, precipitation as runoff-driven turbidity/nutrient-pulse proxy (general limnology, e.g. Wetzel, Limnology: Lake and River Ecosystems); co-predictor design precedent: Al-Shaibah et al. (2026), Remote Sensing 18(17):2921 (spectral+climate vs. spectral-only model comparison)"
srad_Wm2_prev3,antecedent weather,dropped (absorbed into srad_Wm2_prev7),,,,,,,,,,,,"seasonal/mechanistic justification: temperature as thermal-stratification/phytoplankton-phenology proxy, precipitation as runoff-driven turbidity/nutrient-pulse proxy (general limnology, e.g. Wetzel, Limnology: Lake and River Ecosystems); co-predictor design precedent: Al-Shaibah et al. (2026), Remote Sensing 18(17):2921 (spectral+climate vs. spectral-only model comparison)"
precip_mm_prev7,antecedent weather,survived,0,0,1,1,0,0,0,0,1,1,4,"seasonal/mechanistic justification: temperature as thermal-stratification/phytoplankton-phenology proxy, precipitation as runoff-driven turbidity/nutrient-pulse proxy (general limnology, e.g. Wetzel, Limnology: Lake and River Ecosystems); co-predictor design precedent: Al-Shaibah et al. (2026), Remote Sensing 18(17):2921 (spectral+climate vs. spectral-only model comparison)"
tmax_degC_prev7,antecedent weather,survived,0,1,1,0,0,1,0,0,1,0,4,"seasonal/mechanistic justification: temperature as thermal-stratification/phytoplankton-phenology proxy, precipitation as runoff-driven turbidity/nutrient-pulse proxy (general limnology, e.g. Wetzel, Limnology: Lake and River Ecosystems); co-predictor design precedent: Al-Shaibah et al. (2026), Remote Sensing 18(17):2921 (spectral+climate vs. spectral-only model comparison)"
tmean_degC_prev7,antecedent weather,survived,0,1,1,0,0,1,1,0,1,0,5,"seasonal/mechanistic justification: temperature as thermal-stratification/phytoplankton-phenology proxy, precipitation as runoff-driven turbidity/nutrient-pulse proxy (general limnology, e.g. Wetzel, Limnology: Lake and River Ecosystems); co-predictor design precedent: Al-Shaibah et al. (2026), Remote Sensing 18(17):2921 (spectral+climate vs. spectral-only model comparison)"
tmin_degC_prev7,antecedent weather,survived,0,0,1,1,0,1,1,0,1,0,5,"seasonal/mechanistic justification: temperature as thermal-stratification/phytoplankton-phenology proxy, precipitation as runoff-driven turbidity/nutrient-pulse proxy (general limnology, e.g. Wetzel, Limnology: Lake and River Ecosystems); co-predictor design precedent: Al-Shaibah et al. (2026), Remote Sensing 18(17):2921 (spectral+climate vs. spectral-only model comparison)"
srad_Wm2_prev7,antecedent weather,survived,1,1,1,1,1,1,1,1,1,1,10,"seasonal/mechanistic justification: temperature as thermal-stratification/phytoplankton-phenology proxy, precipitation as runoff-driven turbidity/nutrient-pulse proxy (general limnology, e.g. Wetzel, Limnology: Lake and River Ecosystems); co-predictor design precedent: Al-Shaibah et al. (2026), Remote Sensing 18(17):2921 (spectral+climate vs. spectral-only model comparison)"
tmean_degC_prev30,antecedent weather,survived,1,1,1,1,1,1,1,1,1,1,10,"seasonal/mechanistic justification: temperature as thermal-stratification/phytoplankton-phenology proxy, precipitation as runoff-driven turbidity/nutrient-pulse proxy (general limnology, e.g. Wetzel, Limnology: Lake and River Ecosystems); co-predictor design precedent: Al-Shaibah et al. (2026), Remote Sensing 18(17):2921 (spectral+climate vs. spectral-only model comparison)"
tmin_degC_prev30,antecedent weather,survived,1,0,1,1,1,1,1,1,1,1,9,"seasonal/mechanistic justification: temperature as thermal-stratification/phytoplankton-phenology proxy, precipitation as runoff-driven turbidity/nutrient-pulse proxy (general limnology, e.g. Wetzel, Limnology: Lake and River Ecosystems); co-predictor design precedent: Al-Shaibah et al. (2026), Remote Sensing 18(17):2921 (spectral+climate vs. spectral-only model comparison)"
srad_Wm2_prev30,antecedent weather,survived,1,1,1,1,1,1,1,1,1,1,10,"seasonal/mechanistic justification: temperature as thermal-stratification/phytoplankton-phenology proxy, precipitation as runoff-driven turbidity/nutrient-pulse proxy (general limnology, e.g. Wetzel, Limnology: Lake and River Ecosystems); co-predictor design precedent: Al-Shaibah et al. (2026), Remote Sensing 18(17):2921 (spectral+climate vs. spectral-only model comparison)"
BR,spectral index (ratio),survived,1,1,1,1,1,1,1,1,1,1,10,"[NEEDS CITATION] blue:red ratio, per features.py docstring ""Kloiber et al.'s canonical Landsat Secchi-depth ratio"" (MN/WI statewide clarity mapping programs) — please confirm exact citation (likely Kloiber, Brezonik & Bauer 2002, Remote Sensing of Environment)"
BG,spectral index (ratio),survived,1,1,1,1,1,1,1,1,1,1,10,"[NEEDS CITATION] blue:green ratio, per features.py docstring ""classic ocean-color chlorophyll-a ratio"" — please confirm exact source paper"
NR,spectral index (ratio),survived,1,1,1,1,1,1,1,1,1,1,10,"[NEEDS CITATION] nir:red ratio, per features.py docstring ""established chlorophyll-a ratio for turbid inland waters"" — please confirm exact source paper"
GR,spectral index (ratio),dropped (absorbed into BR),,,,,,,,,,,,"[NEEDS CITATION] green:red ratio — per features.py docstring, same chlorophyll-absorption-contrast logic as BG/NR, adjacent-band pairing; dropped in correlation pruning (absorbed into BR)"
fai,spectral index,survived,1,1,1,1,1,1,1,1,1,1,10,"[NEEDS CITATION] Floating Algae Index — likely Hu (2009), Remote Sensing of Environment 113(10):2118-2129; please confirm"
NDVI,spectral index,survived,1,1,1,1,1,1,1,1,1,1,10,"[NEEDS CITATION] Normalized Difference Vegetation Index — likely Rouse et al. (1974), NASA SP-351; please confirm"
NDSSI,spectral index,survived,1,1,1,1,1,1,1,1,1,1,10,[NEEDS CITATION] Normalized Difference Suspended Sediment Index — no confident source identified; please supply
NDWI,spectral index,survived,1,1,1,1,1,1,1,1,1,1,10,"McFeeters (1996), Int. J. Remote Sensing 17(7):1425-1432"
MNDWI,spectral index,survived,1,1,1,1,1,1,1,1,1,1,10,"Xu (2006), Int. J. Remote Sensing 27(14):3025-3033"
elevation_m,site/catchment,survived,0,0,0,0,0,1,0,1,0,0,2,"Martinsen & Sand-Jensen (2022), Science of the Total Environment 851:158090 (geospatial catchment/buffer-zone characteristics predict lake water quality); see also Al-Shaibah et al. (2026), Remote Sensing 18(17):2921 for the same RS-band + land-use + climate ML design"
catchment_area_sqkm,site/catchment,survived,1,1,1,1,1,1,1,1,1,1,10,"Martinsen & Sand-Jensen (2022), Science of the Total Environment 851:158090 (geospatial catchment/buffer-zone characteristics predict lake water quality); see also Al-Shaibah et al. (2026), Remote Sensing 18(17):2921 for the same RS-band + land-use + climate ML design"
pct_impervious_2006,site/catchment,survived,1,1,1,1,1,1,1,1,1,1,10,"Martinsen & Sand-Jensen (2022), Science of the Total Environment 851:158090 (geospatial catchment/buffer-zone characteristics predict lake water quality); see also Al-Shaibah et al. (2026), Remote Sensing 18(17):2921 for the same RS-band + land-use + climate ML design"
pct_urban_2006,site/catchment,survived,0,1,1,1,1,1,1,1,1,1,9,"Martinsen & Sand-Jensen (2022), Science of the Total Environment 851:158090 (geospatial catchment/buffer-zone characteristics predict lake water quality); see also Al-Shaibah et al. (2026), Remote Sensing 18(17):2921 for the same RS-band + land-use + climate ML design"
pct_forest_2006,site/catchment,survived,1,1,1,1,1,1,1,1,1,1,10,"Martinsen & Sand-Jensen (2022), Science of the Total Environment 851:158090 (geospatial catchment/buffer-zone characteristics predict lake water quality); see also Al-Shaibah et al. (2026), Remote Sensing 18(17):2921 for the same RS-band + land-use + climate ML design"
pct_cropland_2006,site/catchment,survived,1,1,1,1,1,1,0,1,1,1,9,"Martinsen & Sand-Jensen (2022), Science of the Total Environment 851:158090 (geospatial catchment/buffer-zone characteristics predict lake water quality); see also Al-Shaibah et al. (2026), Remote Sensing 18(17):2921 for the same RS-band + land-use + climate ML design"
pct_wetland_2006,site/catchment,survived,1,1,1,1,1,1,1,1,1,1,10,"Martinsen & Sand-Jensen (2022), Science of the Total Environment 851:158090 (geospatial catchment/buffer-zone characteristics predict lake water quality); see also Al-Shaibah et al. (2026), Remote Sensing 18(17):2921 for the same RS-band + land-use + climate ML design"
shore_flag,site/catchment,survived,1,1,1,1,1,1,1,1,1,1,10,"in-house QA construct (site-buffer + optical-shoreline proximity flag), not a literature index — see project memory workflow-v3-findings"
precip_mm_prev30,antecedent weather,survived,0,0,1,0,0,1,0,0,1,0,3,"seasonal/mechanistic justification: temperature as thermal-stratification/phytoplankton-phenology proxy, precipitation as runoff-driven turbidity/nutrient-pulse proxy (general limnology, e.g. Wetzel, Limnology: Lake and River Ecosystems); co-predictor design precedent: Al-Shaibah et al. (2026), Remote Sensing 18(17):2921 (spectral+climate vs. spectral-only model comparison)"
tmax_degC_prev30,antecedent weather,survived,1,1,1,1,1,1,1,1,1,1,10,"seasonal/mechanistic justification: temperature as thermal-stratification/phytoplankton-phenology proxy, precipitation as runoff-driven turbidity/nutrient-pulse proxy (general limnology, e.g. Wetzel, Limnology: Lake and River Ecosystems); co-predictor design precedent: Al-Shaibah et al. (2026), Remote Sensing 18(17):2921 (spectral+climate vs. spectral-only model comparison)"
